{"RuleTriggered": 0, "Violations": 0, "Details": {"pin_memory": false, "num_workers": 0, "cores": 36, "dataloaders": 1, "dataloading_time": {"p25": 0.02361425, "p50": 0.024613000000000003, "p95": 0.025637, "probs": [1, 0, 0, 0, 0, 0, 0, 0, 0, 0, 0, 0, 0, 0, 0, 0, 0, 0, 0, 0, 0, 0, 0, 0, 0, 0, 0, 0, 0, 0, 0, 0, 0, 0, 0, 0, 0, 0, 0, 0, 0, 0, 0, 0, 0, 0, 0, 0, 0, 0, 0, 0, 0, 0, 0, 0, 0, 0, 0, 0, 0, 0, 0, 0, 0, 0, 0, 0, 0, 0, 0, 0, 0, 0, 0, 0, 0, 0, 0, 0, 0, 0, 0, 1, 1, 0, 0, 0, 0, 1, 1, 0, 2, 2, 0, 0, 0, 0, 0, 1], "binedges": [0.008117, 0.00829769, 0.008478379999999999, 0.00865907, 0.008839759999999999, 0.00902045, 0.00920114, 0.009381829999999999, 0.00956252, 0.009743209999999999, 0.0099239, 0.01010459, 0.010285279999999999, 0.01046597, 0.010646659999999999, 0.01082735, 0.01100804, 0.01118873, 0.01136942, 0.011550109999999999, 0.0117308, 0.01191149, 0.01209218, 0.012272869999999998, 0.012453559999999999, 0.01263425, 0.01281494, 0.01299563, 0.013176319999999998, 0.013357009999999999, 0.0135377, 0.01371839, 0.01389908, 0.014079769999999998, 0.014260459999999999, 0.01444115, 0.01462184, 0.01480253, 0.014983219999999998, 0.01516391, 0.0153446, 0.01552529, 0.01570598, 0.01588667, 0.01606736, 0.01624805, 0.016428739999999997, 0.01660943, 0.01679012, 0.01697081, 0.0171515, 0.017332189999999997, 0.01751288, 0.01769357, 0.01787426, 0.01805495, 0.018235639999999997, 0.01841633, 0.01859702, 0.01877771, 0.0189584, 0.019139089999999997, 0.01931978, 0.01950047, 0.01968116, 0.01986185, 0.020042539999999998, 0.020223230000000002, 0.02040392, 0.02058461, 0.0207653, 0.020945989999999998, 0.021126680000000002, 0.02130737, 0.02148806, 0.02166875, 0.021849439999999998, 0.022030130000000002, 0.02221082, 0.02239151, 0.0225722, 0.022752889999999998, 0.022933580000000002, 0.02311427, 0.02329496, 0.02347565, 0.023656339999999998, 0.02383703, 0.02401772, 0.02419841, 0.0243791, 0.02455979, 0.02474048, 0.02492117, 0.02510186, 0.02528255, 0.025463239999999998, 0.02564393, 0.02582462, 0.02600531, 0.026186]}}, "Datapoints": 10, "RuleParameters": "min_threshold:70\nmax_threshold:200"}