{"RuleTriggered": 0, "Violations": 0, "Details": {"step_num": {"first": 1660695782668946, "last": 1660698302922999}, "job_start": 1660695712.000742, "job_end": 1660698359.500936}, "Datapoints": 85, "RuleParameters": "threshold:20"}