{"RuleTriggered": 0, "Violations": 0, "Details": {"ratio": {"cpu_functions": 100.0}, "phase": {"Step:ModeKeys.GLOBAL": 98.48180004903404, "others": 1.5181999509659745}, "phase_time": {}, "general": {"DataLoaderIterInitialize": 0.008725046114999883, "Forward": 99.9817817090075, "DataLoaderIter": 0.009493244877488346}, "CPU": {"dropout": 2.9384611892787733, "matmul": 10.873085857333809, "mm": 30.756274037094293, "NativeLayerNormBackward": 5.732952478848631, "native_layer_norm_backward": 5.731486117152479, "MmBackward": 21.25401973278175, "GeluBackward": 11.357024379529781, "gelu_backward": 11.356696207980473}, "CPU_total": {"dropout": 11855149, "matmul": 43867196, "mm": 124085427, "NativeLayerNormBackward": 23129455, "native_layer_norm_backward": 23123539, "MmBackward": 85748817, "GeluBackward": 45819634, "gelu_backward": 45818310}}, "Datapoints": 0, "RuleParameters": ""}